herb_id,herb_name_en,botanical_name,image_url,page_url
HERB-0001,Ginger,Zingiber officinale,https://upload.wikimedia.org/wikipedia/commons/thumb/1/18/Koeh-146-no_text.jpg/250px-Koeh-146-no_text.jpg?utm_source=en.wikipedia.org&utm_campaign=api&utm_content=thumbnail,https://en.wikipedia.org/wiki/Ginger
HERB-0002,Asian ginseng,Panax ginseng,https://upload.wikimedia.org/wikipedia/commons/thumb/a/ad/Ginsengpflanze.jpg/250px-Ginsengpflanze.jpg?utm_source=en.wikipedia.org&utm_campaign=api&utm_content=thumbnail,https://en.wikipedia.org/wiki/Panax_ginseng
HERB-0003,Astragalus,Astragalus mongholicus,https://upload.wikimedia.org/wikipedia/commons/thumb/0/0f/Astragalus_membranaceus.jpg/250px-Astragalus_membranaceus.jpg?utm_source=en.wikipedia.org&utm_campaign=api&utm_content=thumbnail,https://en.wikipedia.org/wiki/Astragalus_mongholicus
HERB-0004,Chinese licorice,Glycyrrhiza uralensis,https://upload.wikimedia.org/wikipedia/commons/thumb/a/aa/Glycyrrhizauralensis.jpg/250px-Glycyrrhizauralensis.jpg?utm_source=en.wikipedia.org&utm_campaign=api&utm_content=thumbnail,https://en.wikipedia.org/wiki/Glycyrrhiza_uralensis
HERB-0005,Dong quai,Angelica sinensis,https://upload.wikimedia.org/wikipedia/commons/thumb/2/24/Danggui_Angelica_sinensis.jpg/250px-Danggui_Angelica_sinensis.jpg?utm_source=en.wikipedia.org&utm_campaign=api&utm_content=thumbnail,https://en.wikipedia.org/wiki/Angelica_sinensis
HERB-0006,Goji berry,Lycium barbarum,https://upload.wikimedia.org/wikipedia/commons/thumb/6/62/Lycium_barbarum_-_Wolfberries_China_7-05.jpg/250px-Lycium_barbarum_-_Wolfberries_China_7-05.jpg?utm_source=en.wikipedia.org&utm_campaign=api&utm_content=thumbnail,https://en.wikipedia.org/wiki/Lycium_barbarum
HERB-0007,Turmeric,Curcuma longa,https://upload.wikimedia.org/wikipedia/commons/thumb/a/ab/Turmeric_inflorescence.jpg/250px-Turmeric_inflorescence.jpg?utm_source=en.wikipedia.org&utm_campaign=api&utm_content=thumbnail,https://en.wikipedia.org/wiki/Turmeric
HERB-0008,Garlic,Allium sativum,https://upload.wikimedia.org/wikipedia/commons/thumb/3/39/Allium_sativum_Woodwill_1793.jpg/250px-Allium_sativum_Woodwill_1793.jpg?utm_source=en.wikipedia.org&utm_campaign=api&utm_content=thumbnail,https://en.wikipedia.org/wiki/Garlic
HERB-0009,Green tea,Camellia sinensis,https://upload.wikimedia.org/wikipedia/commons/thumb/7/71/Csinensis.jpg/250px-Csinensis.jpg?utm_source=en.wikipedia.org&utm_campaign=api&utm_content=thumbnail,https://en.wikipedia.org/wiki/Camellia_sinensis
HERB-0010,Peppermint,Mentha × piperita,https://upload.wikimedia.org/wikipedia/commons/thumb/7/72/Pfefferminze_natur_peppermint.jpg/250px-Pfefferminze_natur_peppermint.jpg?utm_source=en.wikipedia.org&utm_campaign=api&utm_content=thumbnail,https://en.wikipedia.org/wiki/Peppermint
HERB-0011,Chamomile,Matricaria chamomilla,https://upload.wikimedia.org/wikipedia/commons/thumb/c/c8/Matricaria_February_2008-1.jpg/250px-Matricaria_February_2008-1.jpg?utm_source=en.wikipedia.org&utm_campaign=api&utm_content=thumbnail,https://en.wikipedia.org/wiki/Matricaria_chamomilla
HERB-0012,Valerian,Valeriana officinalis,https://upload.wikimedia.org/wikipedia/commons/thumb/a/af/Valeriana_officinalis_inflorescence_-_Niitv%C3%A4lja.jpg/250px-Valeriana_officinalis_inflorescence_-_Niitv%C3%A4lja.jpg?utm_source=en.wikipedia.org&utm_campaign=api&utm_content=thumbnail,https://en.wikipedia.org/wiki/Valerian_(herb)
HERB-0013,Passionflower,Passiflora incarnata,https://upload.wikimedia.org/wikipedia/commons/thumb/9/93/Passiflora_incarnata_fruit.jpg/250px-Passiflora_incarnata_fruit.jpg?utm_source=en.wikipedia.org&utm_campaign=api&utm_content=thumbnail,https://en.wikipedia.org/wiki/Passiflora_incarnata
HERB-0014,Lavender,Lavandula angustifolia,https://upload.wikimedia.org/wikipedia/commons/thumb/4/40/Lavandula_angustifolia_-_K%C3%B6hler%E2%80%93s_Medizinal-Pflanzen-087.jpg/250px-Lavandula_angustifolia_-_K%C3%B6hler%E2%80%93s_Medizinal-Pflanzen-087.jpg?utm_source=en.wikipedia.org&utm_campaign=api&utm_content=thumbnail,https://en.wikipedia.org/wiki/Lavandula_angustifolia
HERB-0015,Lemon balm,Melissa officinalis,https://upload.wikimedia.org/wikipedia/commons/thumb/7/70/Lemon_balm_plant.jpg/250px-Lemon_balm_plant.jpg?utm_source=en.wikipedia.org&utm_campaign=api&utm_content=thumbnail,https://en.wikipedia.org/wiki/Lemon_balm
HERB-0016,Sour jujube seed,Ziziphus jujuba var. spinosa,https://upload.wikimedia.org/wikipedia/commons/thumb/b/b1/Ziziphus_jujuba.jpg/250px-Ziziphus_jujuba.jpg?utm_source=en.wikipedia.org&utm_campaign=api&utm_content=thumbnail,https://en.wikipedia.org/wiki/Jujube
HERB-0017,Jujube fruit,Ziziphus jujuba,https://upload.wikimedia.org/wikipedia/commons/thumb/b/b1/Ziziphus_jujuba.jpg/250px-Ziziphus_jujuba.jpg?utm_source=en.wikipedia.org&utm_campaign=api&utm_content=thumbnail,https://en.wikipedia.org/wiki/Jujube
HERB-0018,Schisandra,Schisandra chinensis,https://upload.wikimedia.org/wikipedia/commons/thumb/d/d4/Schisandra_sinensis.jpg/250px-Schisandra_sinensis.jpg?utm_source=en.wikipedia.org&utm_campaign=api&utm_content=thumbnail,https://en.wikipedia.org/wiki/Schisandra_chinensis
HERB-0019,Rehmannia root,Rehmannia glutinosa,https://upload.wikimedia.org/wikipedia/commons/thumb/1/1e/Rehmannia.JPG/250px-Rehmannia.JPG?utm_source=en.wikipedia.org&utm_campaign=api&utm_content=thumbnail,https://en.wikipedia.org/wiki/Rehmannia_glutinosa
HERB-0020,White peony root,Paeonia lactiflora,https://upload.wikimedia.org/wikipedia/commons/thumb/b/be/Lactiflora1b.UME.jpg/250px-Lactiflora1b.UME.jpg?utm_source=en.wikipedia.org&utm_campaign=api&utm_content=thumbnail,https://en.wikipedia.org/wiki/Paeonia_lactiflora
HERB-0021,Chinese cinnamon bark,Cinnamomum cassia,https://upload.wikimedia.org/wikipedia/commons/thumb/c/c4/Cinnamomum_aromaticum_-_K%C3%B6hler%E2%80%93s_Medizinal-Pflanzen-039_cropped.jpg/250px-Cinnamomum_aromaticum_-_K%C3%B6hler%E2%80%93s_Medizinal-Pflanzen-039_cropped.jpg?utm_source=en.wikipedia.org&utm_campaign=api&utm_content=thumbnail,https://en.wikipedia.org/wiki/Cinnamomum_cassia
HERB-0022,Chinese yam,Dioscorea polystachya,https://upload.wikimedia.org/wikipedia/commons/thumb/3/3b/Dioscorea_polystachya_%28batatas%29.jpg/250px-Dioscorea_polystachya_%28batatas%29.jpg?utm_source=en.wikipedia.org&utm_campaign=api&utm_content=thumbnail,https://en.wikipedia.org/wiki/Chinese_yam
HERB-0023,Lotus seed,Nelumbo nucifera,https://upload.wikimedia.org/wikipedia/commons/thumb/e/ed/Sacred_lotus_Nelumbo_nucifera.jpg/250px-Sacred_lotus_Nelumbo_nucifera.jpg?utm_source=en.wikipedia.org&utm_campaign=api&utm_content=thumbnail,https://en.wikipedia.org/wiki/Nelumbo_nucifera
HERB-0024,Lily bulb,Lilium brownii var. viridulum and related pharmacopoeial Lilium species,https://upload.wikimedia.org/wikipedia/commons/thumb/3/30/Lilium_candidum_1.jpg/250px-Lilium_candidum_1.jpg?utm_source=en.wikipedia.org&utm_campaign=api&utm_content=thumbnail,https://en.wikipedia.org/wiki/Lilium
HERB-0025,Dried tangerine peel,Citrus reticulata,https://upload.wikimedia.org/wikipedia/commons/thumb/1/10/Citrus_reticulata_April_2013_Nordbaden.JPG/250px-Citrus_reticulata_April_2013_Nordbaden.JPG?utm_source=en.wikipedia.org&utm_campaign=api&utm_content=thumbnail,https://en.wikipedia.org/wiki/Mandarin_orange
HERB-0026,Fennel seed,Foeniculum vulgare,https://upload.wikimedia.org/wikipedia/commons/thumb/c/c0/Foeniculum_July_2011-1a.jpg/250px-Foeniculum_July_2011-1a.jpg?utm_source=en.wikipedia.org&utm_campaign=api&utm_content=thumbnail,https://en.wikipedia.org/wiki/Fennel
HERB-0027,Chinese hawthorn fruit,Crataegus pinnatifida,https://upload.wikimedia.org/wikipedia/commons/thumb/3/31/HawthornFruit.JPG/250px-HawthornFruit.JPG?utm_source=en.wikipedia.org&utm_campaign=api&utm_content=thumbnail,https://en.wikipedia.org/wiki/Crataegus_pinnatifida
HERB-0028,Chrysanthemum flower,Chrysanthemum morifolium,https://upload.wikimedia.org/wikipedia/commons/thumb/8/84/Chrysanthemum.JPG/250px-Chrysanthemum.JPG?utm_source=en.wikipedia.org&utm_campaign=api&utm_content=thumbnail,https://en.wikipedia.org/wiki/Chrysanthemum_%C3%97_morifolium
HERB-0029,Mulberry leaf,Morus alba,https://upload.wikimedia.org/wikipedia/commons/thumb/4/47/Rosales_-_Morus_alba_-_3.jpg/250px-Rosales_-_Morus_alba_-_3.jpg?utm_source=en.wikipedia.org&utm_campaign=api&utm_content=thumbnail,https://en.wikipedia.org/wiki/Morus_alba
HERB-0030,Japanese honeysuckle flower,Lonicera japonica,https://upload.wikimedia.org/wikipedia/commons/thumb/e/e9/Honeysuckle-2.jpg/250px-Honeysuckle-2.jpg?utm_source=en.wikipedia.org&utm_campaign=api&utm_content=thumbnail,https://en.wikipedia.org/wiki/Lonicera_japonica
HERB-0031,Forsythia fruit,Forsythia suspensa,https://upload.wikimedia.org/wikipedia/commons/thumb/2/22/Forsythia_suspensa1.jpg/250px-Forsythia_suspensa1.jpg?utm_source=en.wikipedia.org&utm_campaign=api&utm_content=thumbnail,https://en.wikipedia.org/wiki/Forsythia_suspensa
HERB-0032,Platycodon root,Platycodon grandiflorus,https://upload.wikimedia.org/wikipedia/commons/thumb/d/d7/Platycodon_grandiflorum2.jpg/250px-Platycodon_grandiflorum2.jpg?utm_source=en.wikipedia.org&utm_campaign=api&utm_content=thumbnail,https://en.wikipedia.org/wiki/Platycodon
HERB-0034,Loquat leaf,Eriobotrya japonica,https://upload.wikimedia.org/wikipedia/commons/thumb/1/17/Loquat-0.jpg/250px-Loquat-0.jpg?utm_source=en.wikipedia.org&utm_campaign=api&utm_content=thumbnail,https://en.wikipedia.org/wiki/Loquat
HERB-0035,Kudzu root,Pueraria montana var. lobata,https://upload.wikimedia.org/wikipedia/commons/thumb/8/85/Starr_021012-9100_Pueraria_montana_var._lobata.jpg/250px-Starr_021012-9100_Pueraria_montana_var._lobata.jpg?utm_source=en.wikipedia.org&utm_campaign=api&utm_content=thumbnail,https://en.wikipedia.org/wiki/Pueraria_montana_var._lobata
HERB-0036,Dandelion,Taraxacum officinale species aggregate,https://upload.wikimedia.org/wikipedia/commons/thumb/4/4f/DandelionFlower.jpg/250px-DandelionFlower.jpg?utm_source=en.wikipedia.org&utm_campaign=api&utm_content=thumbnail,https://en.wikipedia.org/wiki/Taraxacum
HERB-0037,Milk thistle,Silybum marianum,https://upload.wikimedia.org/wikipedia/commons/thumb/9/9f/Milk_thistle_flowerhead.jpg/250px-Milk_thistle_flowerhead.jpg?utm_source=en.wikipedia.org&utm_campaign=api&utm_content=thumbnail,https://en.wikipedia.org/wiki/Silybum_marianum
HERB-0038,Echinacea,Echinacea purpurea,https://upload.wikimedia.org/wikipedia/commons/thumb/8/8e/Echinacea_purpurea_Grandview_Prairie.jpg/250px-Echinacea_purpurea_Grandview_Prairie.jpg?utm_source=en.wikipedia.org&utm_campaign=api&utm_content=thumbnail,https://en.wikipedia.org/wiki/Echinacea_purpurea
HERB-0039,Elderberry,Sambucus nigra,https://upload.wikimedia.org/wikipedia/commons/thumb/6/61/Sambucus_nigra_004.jpg/250px-Sambucus_nigra_004.jpg?utm_source=en.wikipedia.org&utm_campaign=api&utm_content=thumbnail,https://en.wikipedia.org/wiki/Sambucus_nigra
HERB-0040,Psyllium husk,Plantago ovata,https://upload.wikimedia.org/wikipedia/commons/thumb/0/0b/Plantago_ovata_form.jpg/250px-Plantago_ovata_form.jpg?utm_source=en.wikipedia.org&utm_campaign=api&utm_content=thumbnail,https://en.wikipedia.org/wiki/Plantago_ovata
HERB-0041,White atractylodes,Atractylodes macrocephala,https://upload.wikimedia.org/wikipedia/commons/thumb/8/8c/Baizhu_roots.jpg/250px-Baizhu_roots.jpg?utm_source=en.wikipedia.org&utm_campaign=api&utm_content=thumbnail,https://en.wikipedia.org/wiki/Atractylodes_macrocephala
HERB-0042,Poria,Wolfiporia cocos,https://upload.wikimedia.org/wikipedia/commons/thumb/7/7a/Tuckahoe.jpg/250px-Tuckahoe.jpg?utm_source=en.wikipedia.org&utm_campaign=api&utm_content=thumbnail,https://en.wikipedia.org/wiki/Wolfiporia_extensa
HERB-0043,Codonopsis root,Codonopsis pilosula,https://upload.wikimedia.org/wikipedia/commons/thumb/5/55/Codonopsis_pilosula_flowers.jpg/250px-Codonopsis_pilosula_flowers.jpg?utm_source=en.wikipedia.org&utm_campaign=api&utm_content=thumbnail,https://en.wikipedia.org/wiki/Codonopsis_pilosula
HERB-0044,Dwarf lilyturf root,Ophiopogon japonicus,https://upload.wikimedia.org/wikipedia/commons/thumb/3/30/Japonska_ka%C4%8Dja_brada.jpg/250px-Japonska_ka%C4%8Dja_brada.jpg?utm_source=en.wikipedia.org&utm_campaign=api&utm_content=thumbnail,https://en.wikipedia.org/wiki/Ophiopogon_japonicus
HERB-0045,Glehnia root,Glehnia littoralis,https://upload.wikimedia.org/wikipedia/commons/thumb/2/2b/Glehnia_littoralis.jpg/250px-Glehnia_littoralis.jpg?utm_source=en.wikipedia.org&utm_campaign=api&utm_content=thumbnail,https://en.wikipedia.org/wiki/Glehnia
HERB-0046,Chinese figwort root,Scrophularia ningpoensis,https://upload.wikimedia.org/wikipedia/commons/thumb/d/db/Scrophularia_ningpoensis_Kew.jpg/250px-Scrophularia_ningpoensis_Kew.jpg?utm_source=en.wikipedia.org&utm_campaign=api&utm_content=thumbnail,https://en.wikipedia.org/wiki/Scrophularia_ningpoensis
HERB-0047,Anemarrhena rhizome,Anemarrhena asphodeloides,https://upload.wikimedia.org/wikipedia/commons/thumb/c/c5/Anemarrhena_asphodeloides-NMNH-03958679.jpg/250px-Anemarrhena_asphodeloides-NMNH-03958679.jpg?utm_source=en.wikipedia.org&utm_campaign=api&utm_content=thumbnail,https://en.wikipedia.org/wiki/Anemarrhena
HERB-0048,Amur cork tree bark,Phellodendron amurense,https://upload.wikimedia.org/wikipedia/commons/thumb/a/a6/Phellodendron_amurense_Morton.jpg/250px-Phellodendron_amurense_Morton.jpg?utm_source=en.wikipedia.org&utm_campaign=api&utm_content=thumbnail,https://en.wikipedia.org/wiki/Phellodendron_amurense
HERB-0049,Chinese skullcap root,Scutellaria baicalensis,https://upload.wikimedia.org/wikipedia/commons/thumb/4/44/Scutellaria_baicalensis_flowers.jpg/250px-Scutellaria_baicalensis_flowers.jpg?utm_source=en.wikipedia.org&utm_campaign=api&utm_content=thumbnail,https://en.wikipedia.org/wiki/Scutellaria_baicalensis
HERB-0051,Gardenia fruit,Gardenia jasminoides,https://upload.wikimedia.org/wikipedia/commons/thumb/5/54/Gardenia_jasminoides_flower_Argentina.jpg/250px-Gardenia_jasminoides_flower_Argentina.jpg?utm_source=en.wikipedia.org&utm_campaign=api&utm_content=thumbnail,https://en.wikipedia.org/wiki/Gardenia_jasminoides
HERB-0053,Pinellia tuber,Pinellia ternata,https://upload.wikimedia.org/wikipedia/commons/thumb/1/11/Puanh_ghrah.jpg/250px-Puanh_ghrah.jpg?utm_source=en.wikipedia.org&utm_campaign=api&utm_content=thumbnail,https://en.wikipedia.org/wiki/Pinellia_ternata
HERB-0054,Magnolia bark,Magnolia officinalis,https://upload.wikimedia.org/wikipedia/commons/thumb/b/b4/Magnolia_officinalis_habit.jpg/250px-Magnolia_officinalis_habit.jpg?utm_source=en.wikipedia.org&utm_campaign=api&utm_content=thumbnail,https://en.wikipedia.org/wiki/Magnolia_officinalis
HERB-0055,Costus root,Aucklandia costus,https://upload.wikimedia.org/wikipedia/commons/thumb/4/4e/Saussurea_%C2%BF_costus_%3F_%287839595576%29.jpg/250px-Saussurea_%C2%BF_costus_%3F_%287839595576%29.jpg?utm_source=en.wikipedia.org&utm_campaign=api&utm_content=thumbnail,https://en.wikipedia.org/wiki/Dolomiaea_costus
HERB-0056,Villous amomum fruit,Wurfbainia villosa,https://upload.wikimedia.org/wikipedia/commons/thumb/d/df/Amomum_villosum_-_Hong_Kong_Botanical_Garden_-_IMG_9580.JPG/250px-Amomum_villosum_-_Hong_Kong_Botanical_Garden_-_IMG_9580.JPG?utm_source=en.wikipedia.org&utm_campaign=api&utm_content=thumbnail,https://en.wikipedia.org/wiki/Wurfbainia_villosa
HERB-0058,Asian plantain seed,Plantago asiatica,https://upload.wikimedia.org/wikipedia/commons/thumb/c/cd/Plantago_asiatica.jpg/250px-Plantago_asiatica.jpg?utm_source=en.wikipedia.org&utm_campaign=api&utm_content=thumbnail,https://en.wikipedia.org/wiki/Plantago_asiatica
HERB-0059,Job's tears,Coix lacryma-jobi,https://upload.wikimedia.org/wikipedia/commons/thumb/d/de/Coix_lacryma-jobi1.jpg/250px-Coix_lacryma-jobi1.jpg?utm_source=en.wikipedia.org&utm_campaign=api&utm_content=thumbnail,https://en.wikipedia.org/wiki/Job%27s_tears
HERB-0060,Corn silk,Zea mays,https://upload.wikimedia.org/wikipedia/commons/thumb/e/e3/Zea_mays_-_K%C3%B6hler%E2%80%93s_Medizinal-Pflanzen-283.jpg/250px-Zea_mays_-_K%C3%B6hler%E2%80%93s_Medizinal-Pflanzen-283.jpg?utm_source=en.wikipedia.org&utm_campaign=api&utm_content=thumbnail,https://en.wikipedia.org/wiki/Maize
HERB-0061,Eucommia bark,Eucommia ulmoides,https://upload.wikimedia.org/wikipedia/commons/thumb/c/c6/Eucommia-ulmoides.JPG/250px-Eucommia-ulmoides.JPG?utm_source=en.wikipedia.org&utm_campaign=api&utm_content=thumbnail,https://en.wikipedia.org/wiki/Eucommia_ulmoides
HERB-0063,Drynaria rhizome,Drynaria roosii,https://upload.wikimedia.org/wikipedia/commons/thumb/2/23/%E6%A7%B2%E8%95%A8.jpg/250px-%E6%A7%B2%E8%95%A8.jpg?utm_source=en.wikipedia.org&utm_campaign=api&utm_content=thumbnail,https://en.wikipedia.org/wiki/Drynaria_roosii
HERB-0064,Ox knee root,Achyranthes bidentata,https://upload.wikimedia.org/wikipedia/commons/thumb/7/76/Achyranthes_bidentata.jpg/250px-Achyranthes_bidentata.jpg?utm_source=en.wikipedia.org&utm_campaign=api&utm_content=thumbnail,https://en.wikipedia.org/wiki/Achyranthes_bidentata
HERB-0065,Pubescent angelica root,Angelica pubescens,https://upload.wikimedia.org/wikipedia/commons/thumb/d/dd/Angelica_pubescens_-_Flickr_-_odako1.jpg/250px-Angelica_pubescens_-_Flickr_-_odako1.jpg?utm_source=en.wikipedia.org&utm_campaign=api&utm_content=thumbnail,https://en.wikipedia.org/wiki/Angelica_pubescens
HERB-0067,Saposhnikovia root,Saposhnikovia divaricata,https://upload.wikimedia.org/wikipedia/commons/thumb/7/73/Saposhnikovia.jpg/250px-Saposhnikovia.jpg?utm_source=en.wikipedia.org&utm_campaign=api&utm_content=thumbnail,https://en.wikipedia.org/wiki/Saposhnikovia
HERB-0068,Epimedium,Epimedium brevicornu,https://upload.wikimedia.org/wikipedia/commons/thumb/2/2a/Elfenblume_%28Epimedium_x_versicolor%29.jpg/250px-Elfenblume_%28Epimedium_x_versicolor%29.jpg?utm_source=en.wikipedia.org&utm_campaign=api&utm_content=thumbnail,https://en.wikipedia.org/wiki/Epimedium
HERB-0069,Cistanche stem,Cistanche deserticola,https://upload.wikimedia.org/wikipedia/commons/thumb/b/b7/%D0%A0%D1%96%D0%B4%D0%BA%D1%96%D1%81%D0%BD%D0%B0_%D1%80%D0%BE%D1%81%D0%BB%D0%B8%D0%BD%D0%B0-%D0%BF%D0%B0%D1%80%D0%B0%D0%B7%D0%B8%D1%82_%D0%A6%D1%96%D1%81%D1%82%D0%B0%D0%BD%D1%85%D0%B5_%28Cistanche_deserticola%29%2C_%D0%BF%D0%B0%D1%80%D0%B0%D0%B7%D0%B8%D1%82%D1%83%D1%94_%D0%BD%D0%B0_%D0%BA%D0%BE%D1%80%D0%B5%D0%BD%D1%8F%D1%85_%D1%81%D0%B0%D0%BA%D1%81%D0%B0%D1%83%D0%BB%D1%96%D0%B2_%28Hal%C3%B3xylon%29%2C_%D0%93%D0%BE%D0%B1%D1%96.jpg/250px-thumbnail.jpg?utm_source=en.wikipedia.org&utm_campaign=api&utm_content=thumbnail,https://en.wikipedia.org/wiki/Cistanche_deserticola
HERB-0072,Black sesame seed,Sesamum indicum,https://upload.wikimedia.org/wikipedia/commons/thumb/7/70/Sesamum_indicum_-_K%C3%B6hler%E2%80%93s_Medizinal-Pflanzen-129.jpg/250px-Sesamum_indicum_-_K%C3%B6hler%E2%80%93s_Medizinal-Pflanzen-129.jpg?utm_source=en.wikipedia.org&utm_campaign=api&utm_content=thumbnail,https://en.wikipedia.org/wiki/Sesame
HERB-0073,Walnut,Juglans regia,https://upload.wikimedia.org/wikipedia/commons/thumb/7/74/Noyer_centenaire_en_automne.JPG/250px-Noyer_centenaire_en_automne.JPG?utm_source=en.wikipedia.org&utm_campaign=api&utm_content=thumbnail,https://en.wikipedia.org/wiki/Juglans_regia
HERB-0074,Longan fruit,Dimocarpus longan,https://upload.wikimedia.org/wikipedia/commons/thumb/c/ca/Longan_tree_at_Pine_Island_Nursery.jpg/250px-Longan_tree_at_Pine_Island_Nursery.jpg?utm_source=en.wikipedia.org&utm_campaign=api&utm_content=thumbnail,https://en.wikipedia.org/wiki/Longan
HERB-0075,Ginkgo,Ginkgo biloba,https://upload.wikimedia.org/wikipedia/commons/thumb/e/e0/GINKGOBAUM-2.jpg/250px-GINKGOBAUM-2.jpg?utm_source=en.wikipedia.org&utm_campaign=api&utm_content=thumbnail,https://en.wikipedia.org/wiki/Ginkgo_biloba
HERB-0076,St. John's wort,Hypericum perforatum,https://upload.wikimedia.org/wikipedia/commons/thumb/c/cf/%28MHNT%29_Hypericum_perforatum_flower_and_buttons.jpg/250px-%28MHNT%29_Hypericum_perforatum_flower_and_buttons.jpg?utm_source=en.wikipedia.org&utm_campaign=api&utm_content=thumbnail,https://en.wikipedia.org/wiki/Hypericum_perforatum
HERB-0077,Kava,Piper methysticum,https://upload.wikimedia.org/wikipedia/commons/thumb/9/9a/Starr_070515-7054_Piper_methysticum.jpg/250px-Starr_070515-7054_Piper_methysticum.jpg?utm_source=en.wikipedia.org&utm_campaign=api&utm_content=thumbnail,https://en.wikipedia.org/wiki/Kava
HERB-0078,Black cohosh,Actaea racemosa,https://upload.wikimedia.org/wikipedia/commons/thumb/3/34/Actaea_racemosa_002.JPG/250px-Actaea_racemosa_002.JPG?utm_source=en.wikipedia.org&utm_campaign=api&utm_content=thumbnail,https://en.wikipedia.org/wiki/Actaea_racemosa
HERB-0079,Cranberry,Vaccinium macrocarpon,https://upload.wikimedia.org/wikipedia/commons/thumb/3/3a/Cranberry_bog.jpg/250px-Cranberry_bog.jpg?utm_source=en.wikipedia.org&utm_campaign=api&utm_content=thumbnail,https://en.wikipedia.org/wiki/Vaccinium_macrocarpon
HERB-0080,Flaxseed,Linum usitatissimum,https://upload.wikimedia.org/wikipedia/commons/thumb/a/a8/K%C3%B6hler%27s_Medizinal-Pflanzen_in_naturgetreuen_Abbildungen_mit_kurz_erl%C3%A4uterndem_Texte_%28Plate_16%29_BHL303594.jpg/250px-K%C3%B6hler%27s_Medizinal-Pflanzen_in_naturgetreuen_Abbildungen_mit_kurz_erl%C3%A4uterndem_Texte_%28Plate_16%29_BHL303594.jpg?utm_source=en.wikipedia.org&utm_campaign=api&utm_content=thumbnail,https://en.wikipedia.org/wiki/Flax
HERB-0081,Fenugreek,Trigonella foenum-graecum,https://upload.wikimedia.org/wikipedia/commons/thumb/c/ce/Illustration_Trigonella_foenum-graecum0_clean.jpg/250px-Illustration_Trigonella_foenum-graecum0_clean.jpg?utm_source=en.wikipedia.org&utm_campaign=api&utm_content=thumbnail,https://en.wikipedia.org/wiki/Fenugreek
HERB-0082,Saw palmetto,Serenoa repens,https://upload.wikimedia.org/wikipedia/commons/thumb/5/56/Serenoa_repens_USDA1.jpg/250px-Serenoa_repens_USDA1.jpg?utm_source=en.wikipedia.org&utm_campaign=api&utm_content=thumbnail,https://en.wikipedia.org/wiki/Serenoa
HERB-0083,Horse chestnut,Aesculus hippocastanum,https://upload.wikimedia.org/wikipedia/commons/thumb/9/9b/Illustration_Aesculus_hippocastanum0_clean.jpg/250px-Illustration_Aesculus_hippocastanum0_clean.jpg?utm_source=en.wikipedia.org&utm_campaign=api&utm_content=thumbnail,https://en.wikipedia.org/wiki/Aesculus_hippocastanum
HERB-0084,Aloe vera,Aloe vera,https://upload.wikimedia.org/wikipedia/commons/thumb/4/4b/Aloe_vera_flower_inset.png/250px-Aloe_vera_flower_inset.png?utm_source=en.wikipedia.org&utm_campaign=api&utm_content=thumbnail,https://en.wikipedia.org/wiki/Aloe_vera
HERB-0085,Tea tree oil,Melaleuca alternifolia,https://upload.wikimedia.org/wikipedia/commons/thumb/d/d3/Melaleuca_alternifolia_flowers.jpg/250px-Melaleuca_alternifolia_flowers.jpg?utm_source=en.wikipedia.org&utm_campaign=api&utm_content=thumbnail,https://en.wikipedia.org/wiki/Melaleuca_alternifolia
HERB-0086,Rosemary,Salvia rosmarinus,https://upload.wikimedia.org/wikipedia/commons/thumb/a/a3/Rosemary_in_bloom.JPG/250px-Rosemary_in_bloom.JPG?utm_source=en.wikipedia.org&utm_campaign=api&utm_content=thumbnail,https://en.wikipedia.org/wiki/Rosemary
HERB-0087,Sage,Salvia officinalis,https://upload.wikimedia.org/wikipedia/commons/thumb/5/5a/Salvia_officinalis0.jpg/250px-Salvia_officinalis0.jpg?utm_source=en.wikipedia.org&utm_campaign=api&utm_content=thumbnail,https://en.wikipedia.org/wiki/Salvia_officinalis
HERB-0088,Thyme,Thymus vulgaris,https://upload.wikimedia.org/wikipedia/commons/thumb/4/4f/Thymus_vulgaris1.JPG/250px-Thymus_vulgaris1.JPG?utm_source=en.wikipedia.org&utm_campaign=api&utm_content=thumbnail,https://en.wikipedia.org/wiki/Thymus_vulgaris
HERB-0089,Eucalyptus,Eucalyptus globulus,https://upload.wikimedia.org/wikipedia/commons/thumb/4/42/Eucalyptus_globulus_subsp._maidenii.jpg/250px-Eucalyptus_globulus_subsp._maidenii.jpg?utm_source=en.wikipedia.org&utm_campaign=api&utm_content=thumbnail,https://en.wikipedia.org/wiki/Eucalyptus_globulus
HERB-0090,Marshmallow root,Althaea officinalis,https://upload.wikimedia.org/wikipedia/commons/thumb/f/ff/Althaea_officinalis_-_K%C3%B6hler%E2%80%93s_Medizinal-Pflanzen-008.jpg/250px-Althaea_officinalis_-_K%C3%B6hler%E2%80%93s_Medizinal-Pflanzen-008.jpg?utm_source=en.wikipedia.org&utm_campaign=api&utm_content=thumbnail,https://en.wikipedia.org/wiki/Althaea_officinalis
HERB-0091,Slippery elm,Ulmus rubra,https://upload.wikimedia.org/wikipedia/commons/thumb/e/eb/Mature_Ulmus_rubra_in_graveyard.jpg/250px-Mature_Ulmus_rubra_in_graveyard.jpg?utm_source=en.wikipedia.org&utm_campaign=api&utm_content=thumbnail,https://en.wikipedia.org/wiki/Ulmus_rubra
HERB-0092,Stinging nettle leaf,Urtica dioica,https://upload.wikimedia.org/wikipedia/commons/thumb/6/6f/Fen_nettle_%28Urtica_dioica_ssp._galeopsifolia%29_-_geograph.org.uk_-_5423125.jpg/250px-Fen_nettle_%28Urtica_dioica_ssp._galeopsifolia%29_-_geograph.org.uk_-_5423125.jpg?utm_source=en.wikipedia.org&utm_campaign=api&utm_content=thumbnail,https://en.wikipedia.org/wiki/Urtica_dioica
HERB-0093,Burdock root,Arctium lappa,https://upload.wikimedia.org/wikipedia/commons/thumb/c/ca/ArctiumLappa1.jpg/250px-ArctiumLappa1.jpg?utm_source=en.wikipedia.org&utm_campaign=api&utm_content=thumbnail,https://en.wikipedia.org/wiki/Arctium_lappa
HERB-0094,Red clover,Trifolium pratense,https://upload.wikimedia.org/wikipedia/commons/thumb/a/ae/Trifolium_pratense_-_Keila2.jpg/250px-Trifolium_pratense_-_Keila2.jpg?utm_source=en.wikipedia.org&utm_campaign=api&utm_content=thumbnail,https://en.wikipedia.org/wiki/Trifolium_pratense
HERB-0095,Evening primrose oil,Oenothera biennis,https://upload.wikimedia.org/wikipedia/commons/thumb/4/40/Oenothera_biennis%2C_Vic-la-Gardiole_01.jpg/250px-Oenothera_biennis%2C_Vic-la-Gardiole_01.jpg?utm_source=en.wikipedia.org&utm_campaign=api&utm_content=thumbnail,https://en.wikipedia.org/wiki/Oenothera_biennis
HERB-0096,Devil's claw,Harpagophytum procumbens,https://upload.wikimedia.org/wikipedia/commons/thumb/c/cb/Harpagophytum_5.jpg/250px-Harpagophytum_5.jpg?utm_source=en.wikipedia.org&utm_campaign=api&utm_content=thumbnail,https://en.wikipedia.org/wiki/Harpagophytum
HERB-0097,Boswellia,Boswellia serrata,https://upload.wikimedia.org/wikipedia/commons/thumb/b/bf/Boswellia_serrata_%28Salai%29_in_Kinnarsani_WS%2C_AP_W2_IMG_5840.jpg/250px-Boswellia_serrata_%28Salai%29_in_Kinnarsani_WS%2C_AP_W2_IMG_5840.jpg?utm_source=en.wikipedia.org&utm_campaign=api&utm_content=thumbnail,https://en.wikipedia.org/wiki/Boswellia_serrata
HERB-0098,Ashwagandha,Withania somnifera,https://upload.wikimedia.org/wikipedia/commons/thumb/a/ad/WithaniaFruit.jpg/250px-WithaniaFruit.jpg?utm_source=en.wikipedia.org&utm_campaign=api&utm_content=thumbnail,https://en.wikipedia.org/wiki/Withania_somnifera
HERB-0099,Rhodiola,Rhodiola rosea,https://upload.wikimedia.org/wikipedia/commons/thumb/e/ef/Rhodiola_rosea_a2.jpg/250px-Rhodiola_rosea_a2.jpg?utm_source=en.wikipedia.org&utm_campaign=api&utm_content=thumbnail,https://en.wikipedia.org/wiki/Rhodiola_rosea
HERB-0100,Holy basil,Ocimum tenuiflorum,https://upload.wikimedia.org/wikipedia/commons/thumb/0/01/Tulsi_or_Tulasi_Holy_basil.jpg/250px-Tulsi_or_Tulasi_Holy_basil.jpg?utm_source=en.wikipedia.org&utm_campaign=api&utm_content=thumbnail,https://en.wikipedia.org/wiki/Ocimum_tenuiflorum
